min,max,mean,median,p10,p50,p90,mode,coverage_ratio
1,60,43.42491386722977,50.0,16.0,50.0,57.0,56,0.9906415872795123
